method,dataset,family,level,skill,lo,hi,n_images
deep_features,symComp17_s,clean,0,0.8704,0.8249,0.9108,99
deep_features,symComp17_s,blur,1,0.8788,0.8367,0.9158,99
deep_features,symComp17_s,blur,2,0.8805,0.8350,0.9192,99
deep_features,symComp17_s,blur,4,0.8670,0.8198,0.9108,99
deep_features,symComp17_s,noise,5,0.8754,0.8283,0.9141,99
deep_features,symComp17_s,noise,10,0.8737,0.8249,0.9142,99
deep_features,symComp17_s,noise,20,0.8704,0.8232,0.9108,99
deep_features,symComp17_s,jpeg,50,0.8670,0.8165,0.9108,99
deep_features,symComp17_s,jpeg,25,0.8653,0.8182,0.9074,99
deep_features,symComp17_s,jpeg,10,0.8519,0.7979,0.8990,99
deep_features,symComp17_s,occl,10,0.8737,0.8283,0.9125,99
deep_features,symComp17_s,occl,20,0.8535,0.8030,0.9024,99
deep_features,symComp17_s,occl,30,0.8367,0.7811,0.8906,99
deep_features,NYU_s,clean,0,0.9366,0.9178,0.9545,172
deep_features,NYU_s,blur,1,0.9335,0.9141,0.9529,172
deep_features,NYU_s,blur,2,0.9374,0.9192,0.9564,172
deep_features,NYU_s,blur,4,0.9308,0.9114,0.9506,172
deep_features,NYU_s,noise,5,0.9393,0.9203,0.9587,172
deep_features,NYU_s,noise,10,0.9374,0.9184,0.9574,172
deep_features,NYU_s,noise,20,0.9384,0.9192,0.9593,172
deep_features,NYU_s,jpeg,50,0.9384,0.9203,0.9568,172
deep_features,NYU_s,jpeg,25,0.9143,0.8887,0.9390,172
deep_features,NYU_s,jpeg,10,0.9192,0.8924,0.9434,172
deep_features,NYU_s,occl,10,0.9337,0.9138,0.9535,172
deep_features,NYU_s,occl,20,0.9260,0.9027,0.9492,172
deep_features,NYU_s,occl,30,0.9163,0.8891,0.9434,172
deep_features,PIX2PER-nat,clean,0,0.7724,0.7263,0.8187,198
deep_features,PIX2PER-nat,blur,1,0.7767,0.7356,0.8160,198
deep_features,PIX2PER-nat,blur,2,0.7840,0.7444,0.8238,198
deep_features,PIX2PER-nat,blur,4,0.7598,0.7160,0.8029,198
deep_features,PIX2PER-nat,noise,5,0.7713,0.7258,0.8141,198
deep_features,PIX2PER-nat,noise,10,0.7814,0.7381,0.8220,198
deep_features,PIX2PER-nat,noise,20,0.7834,0.7378,0.8254,198
deep_features,PIX2PER-nat,jpeg,50,0.7969,0.7549,0.8371,198
deep_features,PIX2PER-nat,jpeg,25,0.8070,0.7648,0.8483,198
deep_features,PIX2PER-nat,jpeg,10,0.7952,0.7549,0.8356,198
deep_features,PIX2PER-nat,occl,10,0.7665,0.7201,0.8109,198
deep_features,PIX2PER-nat,occl,20,0.7353,0.6865,0.7843,198
deep_features,PIX2PER-nat,occl,30,0.6575,0.5989,0.7180,198
deep_features,PIX2PER-art,clean,0,0.7371,0.6852,0.7806,199
deep_features,PIX2PER-art,blur,1,0.7455,0.6978,0.7880,199
deep_features,PIX2PER-art,blur,2,0.7432,0.6946,0.7864,199
deep_features,PIX2PER-art,blur,4,0.7222,0.6731,0.7643,199
deep_features,PIX2PER-art,noise,5,0.7387,0.6844,0.7858,199
deep_features,PIX2PER-art,noise,10,0.7419,0.6889,0.7871,199
deep_features,PIX2PER-art,noise,20,0.7570,0.7072,0.8008,199
deep_features,PIX2PER-art,jpeg,50,0.7655,0.7162,0.8065,199
deep_features,PIX2PER-art,jpeg,25,0.7832,0.7397,0.8213,199
deep_features,PIX2PER-art,jpeg,10,0.7859,0.7437,0.8269,199
deep_features,PIX2PER-art,occl,10,0.7170,0.6658,0.7612,199
deep_features,PIX2PER-art,occl,20,0.6584,0.5977,0.7094,199
deep_features,PIX2PER-art,occl,30,0.5538,0.4853,0.6145,199
pixel_correlation,symComp17_s,clean,0,0.6915,0.6106,0.7694,99
pixel_correlation,symComp17_s,blur,1,0.6948,0.6173,0.7701,99
pixel_correlation,symComp17_s,blur,2,0.6965,0.6190,0.7694,99
pixel_correlation,symComp17_s,blur,4,0.6879,0.6161,0.7586,99
pixel_correlation,symComp17_s,noise,5,0.6931,0.6135,0.7710,99
pixel_correlation,symComp17_s,noise,10,0.6931,0.6135,0.7710,99
pixel_correlation,symComp17_s,noise,20,0.6948,0.6157,0.7711,99
pixel_correlation,symComp17_s,jpeg,50,0.6931,0.6123,0.7697,99
pixel_correlation,symComp17_s,jpeg,25,0.6931,0.6123,0.7706,99
pixel_correlation,symComp17_s,jpeg,10,0.6948,0.6161,0.7711,99
pixel_correlation,symComp17_s,occl,10,0.6915,0.6107,0.7694,99
pixel_correlation,symComp17_s,occl,20,0.6846,0.6071,0.7626,99
pixel_correlation,symComp17_s,occl,30,0.6725,0.5890,0.7576,99
pixel_correlation,NYU_s,clean,0,0.7667,0.7155,0.8120,172
pixel_correlation,NYU_s,blur,1,0.7616,0.7074,0.8091,172
pixel_correlation,NYU_s,blur,2,0.7471,0.6928,0.7955,172
pixel_correlation,NYU_s,blur,4,0.6919,0.6366,0.7432,172
pixel_correlation,NYU_s,noise,5,0.7676,0.7162,0.8141,172
pixel_correlation,NYU_s,noise,10,0.7676,0.7162,0.8141,172
pixel_correlation,NYU_s,noise,20,0.7665,0.7132,0.8130,172
pixel_correlation,NYU_s,jpeg,50,0.7696,0.7184,0.8161,172
pixel_correlation,NYU_s,jpeg,25,0.7684,0.7161,0.8140,172
pixel_correlation,NYU_s,jpeg,10,0.7638,0.7114,0.8084,172
pixel_correlation,NYU_s,occl,10,0.7655,0.7141,0.8120,172
pixel_correlation,NYU_s,occl,20,0.7595,0.7064,0.8060,172
pixel_correlation,NYU_s,occl,30,0.7419,0.6881,0.7898,172
pixel_correlation,PIX2PER-nat,clean,0,0.5407,0.4768,0.6068,198
pixel_correlation,PIX2PER-nat,blur,1,0.5373,0.4684,0.6027,198
pixel_correlation,PIX2PER-nat,blur,2,0.5390,0.4721,0.6022,198
pixel_correlation,PIX2PER-nat,blur,4,0.5246,0.4597,0.5895,198
pixel_correlation,PIX2PER-nat,noise,5,0.5373,0.4718,0.6050,198
pixel_correlation,PIX2PER-nat,noise,10,0.5382,0.4734,0.6067,198
pixel_correlation,PIX2PER-nat,noise,20,0.5407,0.4747,0.6097,198
pixel_correlation,PIX2PER-nat,jpeg,50,0.5399,0.4755,0.6068,198
pixel_correlation,PIX2PER-nat,jpeg,25,0.5382,0.4748,0.6040,198
pixel_correlation,PIX2PER-nat,jpeg,10,0.5424,0.4768,0.6072,198
pixel_correlation,PIX2PER-nat,occl,10,0.5483,0.4844,0.6130,198
pixel_correlation,PIX2PER-nat,occl,20,0.5381,0.4729,0.6036,198
pixel_correlation,PIX2PER-nat,occl,30,0.5085,0.4405,0.5777,198
pixel_correlation,PIX2PER-art,clean,0,0.5522,0.4855,0.6116,199
pixel_correlation,PIX2PER-art,blur,1,0.5607,0.4965,0.6154,199
pixel_correlation,PIX2PER-art,blur,2,0.5507,0.4880,0.6043,199
pixel_correlation,PIX2PER-art,blur,4,0.5163,0.4532,0.5728,199
pixel_correlation,PIX2PER-art,noise,5,0.5539,0.4877,0.6125,199
pixel_correlation,PIX2PER-art,noise,10,0.5497,0.4837,0.6094,199
pixel_correlation,PIX2PER-art,noise,20,0.5381,0.4708,0.6005,199
pixel_correlation,PIX2PER-art,jpeg,50,0.5514,0.4857,0.6106,199
pixel_correlation,PIX2PER-art,jpeg,25,0.5556,0.4901,0.6141,199
pixel_correlation,PIX2PER-art,jpeg,10,0.5497,0.4882,0.6085,199
pixel_correlation,PIX2PER-art,occl,10,0.5480,0.4815,0.6081,199
pixel_correlation,PIX2PER-art,occl,20,0.5246,0.4573,0.5840,199
pixel_correlation,PIX2PER-art,occl,30,0.4995,0.4310,0.5556,199
sliding_window,symComp17_s,clean,0,0.7088,0.6296,0.7879,99
sliding_window,symComp17_s,blur,1,0.6987,0.6195,0.7795,99
sliding_window,symComp17_s,blur,2,0.7071,0.6263,0.7845,99
sliding_window,symComp17_s,blur,4,0.6987,0.6195,0.7795,99
sliding_window,symComp17_s,noise,5,0.7088,0.6296,0.7879,99
sliding_window,symComp17_s,noise,10,0.7104,0.6313,0.7862,99
sliding_window,symComp17_s,noise,20,0.7071,0.6279,0.7862,99
sliding_window,symComp17_s,jpeg,50,0.7071,0.6296,0.7862,99
sliding_window,symComp17_s,jpeg,25,0.7071,0.6279,0.7862,99
sliding_window,symComp17_s,jpeg,10,0.7020,0.6245,0.7811,99
sliding_window,symComp17_s,occl,10,0.7020,0.6212,0.7812,99
sliding_window,symComp17_s,occl,20,0.7054,0.6279,0.7846,99
sliding_window,symComp17_s,occl,30,0.6985,0.6210,0.7778,99
sliding_window,NYU_s,clean,0,0.7748,0.7215,0.8204,172
sliding_window,NYU_s,blur,1,0.7729,0.7209,0.8184,172
sliding_window,NYU_s,blur,2,0.7525,0.7014,0.8000,172
sliding_window,NYU_s,blur,4,0.7002,0.6461,0.7527,172
sliding_window,NYU_s,noise,5,0.7738,0.7205,0.8188,172
sliding_window,NYU_s,noise,10,0.7777,0.7264,0.8213,172
sliding_window,NYU_s,noise,20,0.7797,0.7283,0.8233,172
sliding_window,NYU_s,jpeg,50,0.7709,0.7159,0.8159,172
sliding_window,NYU_s,jpeg,25,0.7748,0.7225,0.8188,172
sliding_window,NYU_s,jpeg,10,0.7729,0.7211,0.8169,172
sliding_window,NYU_s,occl,10,0.7729,0.7186,0.8184,172
sliding_window,NYU_s,occl,20,0.7690,0.7182,0.8130,172
sliding_window,NYU_s,occl,30,0.7535,0.7017,0.8019,172
sliding_window,PIX2PER-nat,clean,0,0.5441,0.4765,0.6098,198
sliding_window,PIX2PER-nat,blur,1,0.5373,0.4681,0.6068,198
sliding_window,PIX2PER-nat,blur,2,0.5399,0.4696,0.6093,198
sliding_window,PIX2PER-nat,blur,4,0.5145,0.4428,0.5812,198
sliding_window,PIX2PER-nat,noise,5,0.5449,0.4773,0.6090,198
sliding_window,PIX2PER-nat,noise,10,0.5449,0.4770,0.6121,198
sliding_window,PIX2PER-nat,noise,20,0.5416,0.4723,0.6082,198
sliding_window,PIX2PER-nat,jpeg,50,0.5407,0.4724,0.6065,198
sliding_window,PIX2PER-nat,jpeg,25,0.5424,0.4734,0.6099,198
sliding_window,PIX2PER-nat,jpeg,10,0.5298,0.4620,0.5977,198
sliding_window,PIX2PER-nat,occl,10,0.5449,0.4758,0.6102,198
sliding_window,PIX2PER-nat,occl,20,0.5238,0.4536,0.5917,198
sliding_window,PIX2PER-nat,occl,30,0.5090,0.4403,0.5771,198
sliding_window,PIX2PER-art,clean,0,0.5523,0.4866,0.6109,199
sliding_window,PIX2PER-art,blur,1,0.5372,0.4677,0.5954,199
sliding_window,PIX2PER-art,blur,2,0.5238,0.4536,0.5845,199
sliding_window,PIX2PER-art,blur,4,0.4995,0.4300,0.5598,199
sliding_window,PIX2PER-art,noise,5,0.5523,0.4872,0.6111,199
sliding_window,PIX2PER-art,noise,10,0.5472,0.4827,0.6065,199
sliding_window,PIX2PER-art,noise,20,0.5431,0.4790,0.6022,199
sliding_window,PIX2PER-art,jpeg,50,0.5481,0.4836,0.6066,199
sliding_window,PIX2PER-art,jpeg,25,0.5464,0.4812,0.6056,199
sliding_window,PIX2PER-art,jpeg,10,0.5539,0.4888,0.6149,199
sliding_window,PIX2PER-art,occl,10,0.5439,0.4777,0.6017,199
sliding_window,PIX2PER-art,occl,20,0.5188,0.4504,0.5738,199
sliding_window,PIX2PER-art,occl,30,0.4818,0.4088,0.5504,199
dct,symComp17_s,clean,0,0.6566,0.5690,0.7374,99
dct,symComp17_s,blur,1,0.6465,0.5556,0.7273,99
dct,symComp17_s,blur,2,0.6515,0.5656,0.7324,99
dct,symComp17_s,blur,4,0.6347,0.5471,0.7172,99
dct,symComp17_s,noise,5,0.6549,0.5690,0.7374,99
dct,symComp17_s,noise,10,0.6515,0.5640,0.7340,99
dct,symComp17_s,noise,20,0.6481,0.5623,0.7290,99
dct,symComp17_s,jpeg,50,0.6566,0.5690,0.7374,99
dct,symComp17_s,jpeg,25,0.6549,0.5657,0.7357,99
dct,symComp17_s,jpeg,10,0.6549,0.5657,0.7391,99
dct,symComp17_s,occl,10,0.6532,0.5640,0.7357,99
dct,symComp17_s,occl,20,0.6515,0.5657,0.7357,99
dct,symComp17_s,occl,30,0.6530,0.5705,0.7354,99
dct,NYU_s,clean,0,0.7314,0.6715,0.7847,172
dct,NYU_s,blur,1,0.7198,0.6632,0.7721,172
dct,NYU_s,blur,2,0.6936,0.6391,0.7479,172
dct,NYU_s,blur,4,0.6481,0.5889,0.7043,172
dct,NYU_s,noise,5,0.7314,0.6730,0.7838,172
dct,NYU_s,noise,10,0.7293,0.6688,0.7826,172
dct,NYU_s,noise,20,0.7293,0.6705,0.7831,172
dct,NYU_s,jpeg,50,0.7295,0.6701,0.7828,172
dct,NYU_s,jpeg,25,0.7333,0.6731,0.7845,172
dct,NYU_s,jpeg,10,0.7217,0.6636,0.7760,172
dct,NYU_s,occl,10,0.7362,0.6790,0.7866,172
dct,NYU_s,occl,20,0.7285,0.6723,0.7791,172
dct,NYU_s,occl,30,0.7014,0.6440,0.7547,172
dct,PIX2PER-nat,clean,0,0.5065,0.4363,0.5760,198
dct,PIX2PER-nat,blur,1,0.5022,0.4334,0.5745,198
dct,PIX2PER-nat,blur,2,0.4954,0.4267,0.5663,198
dct,PIX2PER-nat,blur,4,0.4879,0.4185,0.5559,198
dct,PIX2PER-nat,noise,5,0.5040,0.4338,0.5743,198
dct,PIX2PER-nat,noise,10,0.5082,0.4390,0.5802,198
dct,PIX2PER-nat,noise,20,0.5082,0.4418,0.5781,198
dct,PIX2PER-nat,jpeg,50,0.5040,0.4323,0.5743,198
dct,PIX2PER-nat,jpeg,25,0.5082,0.4382,0.5767,198
dct,PIX2PER-nat,jpeg,10,0.5074,0.4395,0.5785,198
dct,PIX2PER-nat,occl,10,0.5032,0.4366,0.5708,198
dct,PIX2PER-nat,occl,20,0.4980,0.4321,0.5665,198
dct,PIX2PER-nat,occl,30,0.4755,0.4081,0.5493,198
dct,PIX2PER-art,clean,0,0.5289,0.4641,0.5854,199
dct,PIX2PER-art,blur,1,0.5222,0.4574,0.5806,199
dct,PIX2PER-art,blur,2,0.5206,0.4550,0.5780,199
dct,PIX2PER-art,blur,4,0.4903,0.4247,0.5488,199
dct,PIX2PER-art,noise,5,0.5264,0.4610,0.5838,199
dct,PIX2PER-art,noise,10,0.5197,0.4536,0.5775,199
dct,PIX2PER-art,noise,20,0.5206,0.4532,0.5787,199
dct,PIX2PER-art,jpeg,50,0.5281,0.4642,0.5854,199
dct,PIX2PER-art,jpeg,25,0.5331,0.4684,0.5921,199
dct,PIX2PER-art,jpeg,10,0.5206,0.4542,0.5791,199
dct,PIX2PER-art,occl,10,0.5222,0.4582,0.5780,199
dct,PIX2PER-art,occl,20,0.4904,0.4268,0.5486,199
dct,PIX2PER-art,occl,30,0.4467,0.3743,0.5122,199
eros,symComp17_s,clean,0,0.4293,0.3400,0.5169,99
eros,symComp17_s,blur,1,0.4057,0.3198,0.4949,99
eros,symComp17_s,blur,2,0.3721,0.2862,0.4563,99
eros,symComp17_s,blur,4,0.3249,0.2407,0.4057,99
eros,symComp17_s,noise,5,0.4343,0.3451,0.5236,99
eros,symComp17_s,noise,10,0.4327,0.3434,0.5219,99
eros,symComp17_s,noise,20,0.4209,0.3333,0.5101,99
eros,symComp17_s,jpeg,50,0.4327,0.3434,0.5202,99
eros,symComp17_s,jpeg,25,0.4327,0.3434,0.5185,99
eros,symComp17_s,jpeg,10,0.4310,0.3401,0.5168,99
eros,symComp17_s,occl,10,0.4276,0.3367,0.5135,99
eros,symComp17_s,occl,20,0.4209,0.3283,0.5067,99
eros,symComp17_s,occl,30,0.3822,0.2979,0.4697,99
eros,NYU_s,clean,0,0.4610,0.3913,0.5277,172
eros,NYU_s,blur,1,0.4281,0.3662,0.4882,172
eros,NYU_s,blur,2,0.3719,0.3126,0.4320,172
eros,NYU_s,blur,4,0.2556,0.1957,0.3198,172
eros,NYU_s,noise,5,0.4620,0.3944,0.5280,172
eros,NYU_s,noise,10,0.4562,0.3872,0.5221,172
eros,NYU_s,noise,20,0.4329,0.3653,0.4990,172
eros,NYU_s,jpeg,50,0.4562,0.3885,0.5202,172
eros,NYU_s,jpeg,25,0.4543,0.3866,0.5192,172
eros,NYU_s,jpeg,10,0.4523,0.3854,0.5151,172
eros,NYU_s,occl,10,0.4543,0.3864,0.5192,172
eros,NYU_s,occl,20,0.4242,0.3517,0.4901,172
eros,NYU_s,occl,30,0.3700,0.3030,0.4368,172
eros,PIX2PER-nat,clean,0,0.1715,0.0912,0.2486,198
eros,PIX2PER-nat,blur,1,0.1720,0.0971,0.2473,198
eros,PIX2PER-nat,blur,2,0.1615,0.0852,0.2346,198
eros,PIX2PER-nat,blur,4,0.1317,0.0600,0.2001,198
eros,PIX2PER-nat,noise,5,0.1682,0.0870,0.2463,198
eros,PIX2PER-nat,noise,10,0.1649,0.0799,0.2441,198
eros,PIX2PER-nat,noise,20,0.1600,0.0741,0.2394,198
eros,PIX2PER-nat,jpeg,50,0.1658,0.0847,0.2450,198
eros,PIX2PER-nat,jpeg,25,0.1607,0.0817,0.2401,198
eros,PIX2PER-nat,jpeg,10,0.1725,0.0954,0.2537,198
eros,PIX2PER-nat,occl,10,0.1699,0.0904,0.2476,198
eros,PIX2PER-nat,occl,20,0.1438,0.0710,0.2155,198
eros,PIX2PER-nat,occl,30,0.1217,0.0484,0.1967,198
eros,PIX2PER-art,clean,0,0.0353,-0.0556,0.1237,199
eros,PIX2PER-art,blur,1,-0.0065,-0.0905,0.0809,199
eros,PIX2PER-art,blur,2,-0.0459,-0.1235,0.0388,199
eros,PIX2PER-art,blur,4,-0.1029,-0.1727,-0.0186,199
eros,PIX2PER-art,noise,5,0.0319,-0.0615,0.1209,199
eros,PIX2PER-art,noise,10,0.0260,-0.0668,0.1156,199
eros,PIX2PER-art,noise,20,0.0413,-0.0514,0.1327,199
eros,PIX2PER-art,jpeg,50,0.0327,-0.0574,0.1202,199
eros,PIX2PER-art,jpeg,25,0.0318,-0.0605,0.1210,199
eros,PIX2PER-art,jpeg,10,0.0168,-0.0720,0.1058,199
eros,PIX2PER-art,occl,10,0.0193,-0.0709,0.1036,199
eros,PIX2PER-art,occl,20,-0.0150,-0.0969,0.0704,199
eros,PIX2PER-art,occl,30,-0.0299,-0.1126,0.0548,199
gradient,symComp17_s,clean,0,0.7357,0.6599,0.7963,99
gradient,symComp17_s,blur,1,0.6970,0.6094,0.7728,99
gradient,symComp17_s,blur,2,0.6616,0.5707,0.7407,99
gradient,symComp17_s,blur,4,0.5199,0.4073,0.6168,99
gradient,symComp17_s,noise,5,0.7374,0.6649,0.7997,99
gradient,symComp17_s,noise,10,0.7222,0.6448,0.7896,99
gradient,symComp17_s,noise,20,0.6768,0.5909,0.7593,99
gradient,symComp17_s,jpeg,50,0.7323,0.6515,0.7997,99
gradient,symComp17_s,jpeg,25,0.7138,0.6246,0.7896,99
gradient,symComp17_s,jpeg,10,0.7508,0.6784,0.8215,99
gradient,symComp17_s,occl,10,0.7290,0.6515,0.7912,99
gradient,symComp17_s,occl,20,0.7155,0.6279,0.7879,99
gradient,symComp17_s,occl,30,0.7088,0.6296,0.7778,99
gradient,NYU_s,clean,0,0.8256,0.7722,0.8692,172
gradient,NYU_s,blur,1,0.8355,0.7874,0.8781,172
gradient,NYU_s,blur,2,0.8014,0.7471,0.8488,172
gradient,NYU_s,blur,4,0.7121,0.6492,0.7741,172
gradient,NYU_s,noise,5,0.8236,0.7684,0.8663,172
gradient,NYU_s,noise,10,0.8110,0.7538,0.8595,172
gradient,NYU_s,noise,20,0.7936,0.7384,0.8411,172
gradient,NYU_s,jpeg,50,0.8285,0.7790,0.8711,172
gradient,NYU_s,jpeg,25,0.8256,0.7752,0.8672,172
gradient,NYU_s,jpeg,10,0.8081,0.7548,0.8566,172
gradient,NYU_s,occl,10,0.8217,0.7664,0.8653,172
gradient,NYU_s,occl,20,0.7975,0.7422,0.8430,172
gradient,NYU_s,occl,30,0.7742,0.7151,0.8256,172
gradient,PIX2PER-nat,clean,0,0.6146,0.5507,0.6767,198
gradient,PIX2PER-nat,blur,1,0.6042,0.5409,0.6653,198
gradient,PIX2PER-nat,blur,2,0.6123,0.5512,0.6718,198
gradient,PIX2PER-nat,blur,4,0.5994,0.5365,0.6609,198
gradient,PIX2PER-nat,noise,5,0.5934,0.5277,0.6624,198
gradient,PIX2PER-nat,noise,10,0.5939,0.5255,0.6621,198
gradient,PIX2PER-nat,noise,20,0.5394,0.4694,0.6124,198
gradient,PIX2PER-nat,jpeg,50,0.5874,0.5176,0.6498,198
gradient,PIX2PER-nat,jpeg,25,0.6103,0.5453,0.6777,198
gradient,PIX2PER-nat,jpeg,10,0.5865,0.5266,0.6501,198
gradient,PIX2PER-nat,occl,10,0.6131,0.5468,0.6766,198
gradient,PIX2PER-nat,occl,20,0.5793,0.5116,0.6437,198
gradient,PIX2PER-nat,occl,30,0.5338,0.4592,0.5998,198
gradient,PIX2PER-art,clean,0,0.5063,0.4334,0.5692,199
gradient,PIX2PER-art,blur,1,0.5380,0.4710,0.6008,199
gradient,PIX2PER-art,blur,2,0.5831,0.5149,0.6435,199
gradient,PIX2PER-art,blur,4,0.5470,0.4797,0.6080,199
gradient,PIX2PER-art,noise,5,0.5081,0.4411,0.5712,199
gradient,PIX2PER-art,noise,10,0.4970,0.4283,0.5599,199
gradient,PIX2PER-art,noise,20,0.4945,0.4226,0.5589,199
gradient,PIX2PER-art,jpeg,50,0.5450,0.4759,0.6086,199
gradient,PIX2PER-art,jpeg,25,0.5432,0.4753,0.6072,199
gradient,PIX2PER-art,jpeg,10,0.5952,0.5370,0.6533,199
gradient,PIX2PER-art,occl,10,0.5030,0.4293,0.5658,199
gradient,PIX2PER-art,occl,20,0.4653,0.3907,0.5294,199
gradient,PIX2PER-art,occl,30,0.4152,0.3400,0.4852,199
multi_scale_gradient,symComp17_s,clean,0,0.7204,0.6396,0.7879,99
multi_scale_gradient,symComp17_s,blur,1,0.7238,0.6446,0.7943,99
multi_scale_gradient,symComp17_s,blur,2,0.7088,0.6178,0.7879,99
multi_scale_gradient,symComp17_s,blur,4,0.6835,0.5942,0.7644,99
multi_scale_gradient,symComp17_s,noise,5,0.7120,0.6275,0.7825,99
multi_scale_gradient,symComp17_s,noise,10,0.7052,0.6195,0.7792,99
multi_scale_gradient,symComp17_s,noise,20,0.6867,0.6059,0.7576,99
multi_scale_gradient,symComp17_s,jpeg,50,0.7153,0.6345,0.7845,99
multi_scale_gradient,symComp17_s,jpeg,25,0.7137,0.6347,0.7812,99
multi_scale_gradient,symComp17_s,jpeg,10,0.6987,0.6128,0.7745,99
multi_scale_gradient,symComp17_s,occl,10,0.7153,0.6330,0.7876,99
multi_scale_gradient,symComp17_s,occl,20,0.6749,0.5874,0.7542,99
multi_scale_gradient,symComp17_s,occl,30,0.6160,0.5251,0.6965,99
multi_scale_gradient,NYU_s,clean,0,0.8089,0.7641,0.8479,172
multi_scale_gradient,NYU_s,blur,1,0.8103,0.7678,0.8481,172
multi_scale_gradient,NYU_s,blur,2,0.7612,0.7153,0.8043,172
multi_scale_gradient,NYU_s,blur,4,0.6343,0.5734,0.6944,172
multi_scale_gradient,NYU_s,noise,5,0.7944,0.7490,0.8353,172
multi_scale_gradient,NYU_s,noise,10,0.7808,0.7331,0.8236,172
multi_scale_gradient,NYU_s,noise,20,0.7331,0.6721,0.7888,172
multi_scale_gradient,NYU_s,jpeg,50,0.8079,0.7618,0.8479,172
multi_scale_gradient,NYU_s,jpeg,25,0.7944,0.7459,0.8351,172
multi_scale_gradient,NYU_s,jpeg,10,0.7876,0.7399,0.8285,172
multi_scale_gradient,NYU_s,occl,10,0.8050,0.7601,0.8450,172
multi_scale_gradient,NYU_s,occl,20,0.7731,0.7238,0.8155,172
multi_scale_gradient,NYU_s,occl,30,0.7324,0.6800,0.7781,172
multi_scale_gradient,PIX2PER-nat,clean,0,0.5541,0.4910,0.6221,198
multi_scale_gradient,PIX2PER-nat,blur,1,0.6137,0.5589,0.6717,198
multi_scale_gradient,PIX2PER-nat,blur,2,0.6155,0.5608,0.6670,198
multi_scale_gradient,PIX2PER-nat,blur,4,0.5830,0.5214,0.6413,198
multi_scale_gradient,PIX2PER-nat,noise,5,0.5422,0.4738,0.6118,198
multi_scale_gradient,PIX2PER-nat,noise,10,0.4959,0.4268,0.5703,198
multi_scale_gradient,PIX2PER-nat,noise,20,0.4176,0.3391,0.4970,198
multi_scale_gradient,PIX2PER-nat,jpeg,50,0.5490,0.4862,0.6177,198
multi_scale_gradient,PIX2PER-nat,jpeg,25,0.5524,0.4909,0.6206,198
multi_scale_gradient,PIX2PER-nat,jpeg,10,0.5777,0.5175,0.6425,198
multi_scale_gradient,PIX2PER-nat,occl,10,0.5407,0.4773,0.6086,198
multi_scale_gradient,PIX2PER-nat,occl,20,0.5079,0.4388,0.5771,198
multi_scale_gradient,PIX2PER-nat,occl,30,0.4547,0.3780,0.5296,198
multi_scale_gradient,PIX2PER-art,clean,0,0.5145,0.4365,0.5874,199
multi_scale_gradient,PIX2PER-art,blur,1,0.5582,0.4857,0.6294,199
multi_scale_gradient,PIX2PER-art,blur,2,0.5497,0.4781,0.6188,199
multi_scale_gradient,PIX2PER-art,blur,4,0.5127,0.4437,0.5807,199
multi_scale_gradient,PIX2PER-art,noise,5,0.5086,0.4328,0.5832,199
multi_scale_gradient,PIX2PER-art,noise,10,0.4858,0.4028,0.5626,199
multi_scale_gradient,PIX2PER-art,noise,20,0.4463,0.3618,0.5301,199
multi_scale_gradient,PIX2PER-art,jpeg,50,0.5221,0.4460,0.5934,199
multi_scale_gradient,PIX2PER-art,jpeg,25,0.5212,0.4433,0.5972,199
multi_scale_gradient,PIX2PER-art,jpeg,10,0.5474,0.4725,0.6186,199
multi_scale_gradient,PIX2PER-art,occl,10,0.5070,0.4286,0.5816,199
multi_scale_gradient,PIX2PER-art,occl,20,0.4651,0.3868,0.5431,199
multi_scale_gradient,PIX2PER-art,occl,30,0.3955,0.3094,0.4760,199
hog,symComp17_s,clean,0,0.8770,0.8367,0.9106,99
hog,symComp17_s,blur,1,0.8871,0.8500,0.9209,99
hog,symComp17_s,blur,2,0.9005,0.8636,0.9327,99
hog,symComp17_s,blur,4,0.8603,0.8114,0.9024,99
hog,symComp17_s,noise,5,0.8684,0.8276,0.9037,99
hog,symComp17_s,noise,10,0.8616,0.8145,0.9007,99
hog,symComp17_s,noise,20,0.8058,0.7433,0.8569,99
hog,symComp17_s,jpeg,50,0.8770,0.8382,0.9120,99
hog,symComp17_s,jpeg,25,0.8701,0.8279,0.9071,99
hog,symComp17_s,jpeg,10,0.8364,0.7889,0.8782,99
hog,symComp17_s,occl,10,0.8753,0.8365,0.9091,99
hog,symComp17_s,occl,20,0.8466,0.8046,0.8866,99
hog,symComp17_s,occl,30,0.8197,0.7726,0.8652,99
hog,NYU_s,clean,0,0.9016,0.8777,0.9271,172
hog,NYU_s,blur,1,0.9074,0.8812,0.9316,172
hog,NYU_s,blur,2,0.9066,0.8791,0.9318,172
hog,NYU_s,blur,4,0.8746,0.8401,0.9023,172
hog,NYU_s,noise,5,0.8936,0.8645,0.9225,172
hog,NYU_s,noise,10,0.8729,0.8362,0.9048,172
hog,NYU_s,noise,20,0.8390,0.7992,0.8744,172
hog,NYU_s,jpeg,50,0.8897,0.8605,0.9180,172
hog,NYU_s,jpeg,25,0.8946,0.8667,0.9215,172
hog,NYU_s,jpeg,10,0.8897,0.8614,0.9176,172
hog,NYU_s,occl,10,0.8996,0.8740,0.9264,172
hog,NYU_s,occl,20,0.8899,0.8614,0.9186,172
hog,NYU_s,occl,30,0.8372,0.8004,0.8750,172
hog,PIX2PER-nat,clean,0,0.6897,0.6328,0.7452,198
hog,PIX2PER-nat,blur,1,0.7225,0.6668,0.7742,198
hog,PIX2PER-nat,blur,2,0.7149,0.6567,0.7697,198
hog,PIX2PER-nat,blur,4,0.6888,0.6344,0.7456,198
hog,PIX2PER-nat,noise,5,0.6603,0.5988,0.7161,198
hog,PIX2PER-nat,noise,10,0.6415,0.5826,0.7016,198
hog,PIX2PER-nat,noise,20,0.5980,0.5370,0.6610,198
hog,PIX2PER-nat,jpeg,50,0.7114,0.6545,0.7670,198
hog,PIX2PER-nat,jpeg,25,0.7305,0.6835,0.7776,198
hog,PIX2PER-nat,jpeg,10,0.7590,0.7139,0.8017,198
hog,PIX2PER-nat,occl,10,0.6905,0.6335,0.7469,198
hog,PIX2PER-nat,occl,20,0.6501,0.5915,0.7117,198
hog,PIX2PER-nat,occl,30,0.6024,0.5386,0.6674,198
hog,PIX2PER-art,clean,0,0.7142,0.6608,0.7630,199
hog,PIX2PER-art,blur,1,0.7426,0.6951,0.7830,199
hog,PIX2PER-art,blur,2,0.7348,0.6879,0.7754,199
hog,PIX2PER-art,blur,4,0.6464,0.5924,0.6949,199
hog,PIX2PER-art,noise,5,0.6689,0.6102,0.7225,199
hog,PIX2PER-art,noise,10,0.6328,0.5727,0.6933,199
hog,PIX2PER-art,noise,20,0.5942,0.5231,0.6579,199
hog,PIX2PER-art,jpeg,50,0.7275,0.6733,0.7730,199
hog,PIX2PER-art,jpeg,25,0.7451,0.6964,0.7862,199
hog,PIX2PER-art,jpeg,10,0.7931,0.7546,0.8308,199
hog,PIX2PER-art,occl,10,0.7083,0.6553,0.7569,199
hog,PIX2PER-art,occl,20,0.6681,0.6126,0.7203,199
hog,PIX2PER-art,occl,30,0.5924,0.5318,0.6534,199
phog,symComp17_s,clean,0,0.6325,0.5537,0.7066,99
phog,symComp17_s,blur,1,0.5849,0.5033,0.6608,99
phog,symComp17_s,blur,2,0.4688,0.3728,0.5554,99
phog,symComp17_s,blur,4,0.1081,0.0108,0.2180,99
phog,symComp17_s,noise,5,0.6073,0.5248,0.6809,99
phog,symComp17_s,noise,10,0.6140,0.5320,0.6886,99
phog,symComp17_s,noise,20,0.6022,0.5231,0.6700,99
phog,symComp17_s,jpeg,50,0.6022,0.5236,0.6763,99
phog,symComp17_s,jpeg,25,0.5903,0.5128,0.6604,99
phog,symComp17_s,jpeg,10,0.5499,0.4584,0.6313,99
phog,symComp17_s,occl,10,0.6258,0.5450,0.6999,99
phog,symComp17_s,occl,20,0.6006,0.5163,0.6742,99
phog,symComp17_s,occl,30,0.6004,0.5202,0.6752,99
phog,NYU_s,clean,0,0.7502,0.7010,0.7965,172
phog,NYU_s,blur,1,0.7366,0.6815,0.7868,172
phog,NYU_s,blur,2,0.5661,0.4922,0.6335,172
phog,NYU_s,blur,4,0.0130,-0.0724,0.0991,172
phog,NYU_s,noise,5,0.7618,0.7128,0.8074,172
phog,NYU_s,noise,10,0.7676,0.7184,0.8103,172
phog,NYU_s,noise,20,0.7676,0.7170,0.8132,172
phog,NYU_s,jpeg,50,0.7444,0.6934,0.7880,172
phog,NYU_s,jpeg,25,0.7473,0.7002,0.7911,172
phog,NYU_s,jpeg,10,0.7473,0.6922,0.7938,172
phog,NYU_s,occl,10,0.7366,0.6837,0.7849,172
phog,NYU_s,occl,20,0.7337,0.6746,0.7859,172
phog,NYU_s,occl,30,0.7174,0.6628,0.7673,172
phog,PIX2PER-nat,clean,0,0.5764,0.5217,0.6353,198
phog,PIX2PER-nat,blur,1,0.5555,0.4996,0.6168,198
phog,PIX2PER-nat,blur,2,0.4796,0.4113,0.5522,198
phog,PIX2PER-nat,blur,4,0.1505,0.0881,0.2160,198
phog,PIX2PER-nat,noise,5,0.5807,0.5200,0.6413,198
phog,PIX2PER-nat,noise,10,0.5821,0.5233,0.6441,198
phog,PIX2PER-nat,noise,20,0.5695,0.5106,0.6310,198
phog,PIX2PER-nat,jpeg,50,0.5767,0.5192,0.6377,198
phog,PIX2PER-nat,jpeg,25,0.5784,0.5189,0.6406,198
phog,PIX2PER-nat,jpeg,10,0.6012,0.5502,0.6535,198
phog,PIX2PER-nat,occl,10,0.5748,0.5194,0.6327,198
phog,PIX2PER-nat,occl,20,0.5470,0.4851,0.6089,198
phog,PIX2PER-nat,occl,30,0.5456,0.4847,0.6061,198
phog,PIX2PER-art,clean,0,0.5426,0.4825,0.6058,199
phog,PIX2PER-art,blur,1,0.5360,0.4757,0.5926,199
phog,PIX2PER-art,blur,2,0.3112,0.2444,0.3776,199
phog,PIX2PER-art,blur,4,0.0630,0.0164,0.1082,199
phog,PIX2PER-art,noise,5,0.5595,0.5025,0.6202,199
phog,PIX2PER-art,noise,10,0.5842,0.5251,0.6428,199
phog,PIX2PER-art,noise,20,0.5572,0.4968,0.6156,199
phog,PIX2PER-art,jpeg,50,0.5641,0.5084,0.6215,199
phog,PIX2PER-art,jpeg,25,0.5770,0.5166,0.6386,199
phog,PIX2PER-art,jpeg,10,0.5804,0.5205,0.6407,199
phog,PIX2PER-art,occl,10,0.5426,0.4845,0.6079,199
phog,PIX2PER-art,occl,20,0.5325,0.4724,0.5952,199
phog,PIX2PER-art,occl,30,0.5099,0.4459,0.5719,199
gabor,symComp17_s,clean,0,0.7557,0.6900,0.8148,99
gabor,symComp17_s,blur,1,0.7660,0.7071,0.8215,99
gabor,symComp17_s,blur,2,0.6558,0.5690,0.7299,99
gabor,symComp17_s,blur,4,0.5471,0.4596,0.6330,99
gabor,symComp17_s,noise,5,0.7524,0.6868,0.8130,99
gabor,symComp17_s,noise,10,0.7423,0.6714,0.8046,99
gabor,symComp17_s,noise,20,0.7153,0.6390,0.7827,99
gabor,symComp17_s,jpeg,50,0.7541,0.6884,0.8148,99
gabor,symComp17_s,jpeg,25,0.7593,0.6902,0.8199,99
gabor,symComp17_s,jpeg,10,0.7507,0.6953,0.8048,99
gabor,symComp17_s,occl,10,0.7524,0.6864,0.8130,99
gabor,symComp17_s,occl,20,0.7557,0.6914,0.8128,99
gabor,symComp17_s,occl,30,0.7239,0.6498,0.7879,99
gabor,NYU_s,clean,0,0.8271,0.7825,0.8702,172
gabor,NYU_s,blur,1,0.8225,0.7740,0.8651,172
gabor,NYU_s,blur,2,0.7339,0.6700,0.7892,172
gabor,NYU_s,blur,4,0.5676,0.4947,0.6364,172
gabor,NYU_s,noise,5,0.8213,0.7758,0.8649,172
gabor,NYU_s,noise,10,0.8174,0.7719,0.8620,172
gabor,NYU_s,noise,20,0.8107,0.7632,0.8529,172
gabor,NYU_s,jpeg,50,0.8271,0.7820,0.8698,172
gabor,NYU_s,jpeg,25,0.8233,0.7796,0.8643,172
gabor,NYU_s,jpeg,10,0.7963,0.7430,0.8450,172
gabor,NYU_s,occl,10,0.8291,0.7880,0.8707,172
gabor,NYU_s,occl,20,0.8019,0.7550,0.8465,172
gabor,NYU_s,occl,30,0.7731,0.7217,0.8203,172
gabor,PIX2PER-nat,clean,0,0.6376,0.5817,0.6941,198
gabor,PIX2PER-nat,blur,1,0.6487,0.5913,0.7029,198
gabor,PIX2PER-nat,blur,2,0.5880,0.5233,0.6495,198
gabor,PIX2PER-nat,blur,4,0.4382,0.3686,0.5108,198
gabor,PIX2PER-nat,noise,5,0.6434,0.5904,0.6986,198
gabor,PIX2PER-nat,noise,10,0.6517,0.6009,0.7032,198
gabor,PIX2PER-nat,noise,20,0.6099,0.5487,0.6681,198
gabor,PIX2PER-nat,jpeg,50,0.6411,0.5890,0.6910,198
gabor,PIX2PER-nat,jpeg,25,0.6475,0.5901,0.7025,198
gabor,PIX2PER-nat,jpeg,10,0.6308,0.5728,0.6842,198
gabor,PIX2PER-nat,occl,10,0.6393,0.5822,0.6941,198
gabor,PIX2PER-nat,occl,20,0.6324,0.5736,0.6893,198
gabor,PIX2PER-nat,occl,30,0.5847,0.5182,0.6522,198
gabor,PIX2PER-art,clean,0,0.6110,0.5583,0.6675,199
gabor,PIX2PER-art,blur,1,0.6034,0.5448,0.6607,199
gabor,PIX2PER-art,blur,2,0.5544,0.4923,0.6181,199
gabor,PIX2PER-art,blur,4,0.4051,0.3258,0.4695,199
gabor,PIX2PER-art,noise,5,0.6061,0.5515,0.6606,199
gabor,PIX2PER-art,noise,10,0.5953,0.5399,0.6531,199
gabor,PIX2PER-art,noise,20,0.5483,0.4905,0.6047,199
gabor,PIX2PER-art,jpeg,50,0.5860,0.5297,0.6422,199
gabor,PIX2PER-art,jpeg,25,0.6109,0.5604,0.6613,199
gabor,PIX2PER-art,jpeg,10,0.5835,0.5209,0.6445,199
gabor,PIX2PER-art,occl,10,0.6060,0.5524,0.6636,199
gabor,PIX2PER-art,occl,20,0.5742,0.5202,0.6308,199
gabor,PIX2PER-art,occl,30,0.5238,0.4581,0.5846,199
alexnet,symComp17_s,clean,0,0.8620,0.8199,0.9007,99
alexnet,symComp17_s,blur,1,0.8552,0.8148,0.8956,99
alexnet,symComp17_s,blur,2,0.8401,0.7997,0.8838,99
alexnet,symComp17_s,blur,4,0.7909,0.7368,0.8418,99
alexnet,symComp17_s,noise,5,0.8636,0.8215,0.9040,99
alexnet,symComp17_s,noise,10,0.8636,0.8232,0.9007,99
alexnet,symComp17_s,noise,20,0.8466,0.8030,0.8871,99
alexnet,symComp17_s,jpeg,50,0.8534,0.8113,0.8920,99
alexnet,symComp17_s,jpeg,25,0.8584,0.8180,0.8957,99
alexnet,symComp17_s,jpeg,10,0.8517,0.8093,0.8904,99
alexnet,symComp17_s,occl,10,0.8569,0.8148,0.8973,99
alexnet,symComp17_s,occl,20,0.8519,0.8064,0.8923,99
alexnet,symComp17_s,occl,30,0.8384,0.7929,0.8805,99
alexnet,NYU_s,clean,0,0.9134,0.8899,0.9353,172
alexnet,NYU_s,blur,1,0.9037,0.8762,0.9273,172
alexnet,NYU_s,blur,2,0.8717,0.8388,0.9021,172
alexnet,NYU_s,blur,4,0.8203,0.7806,0.8564,172
alexnet,NYU_s,noise,5,0.9114,0.8872,0.9343,172
alexnet,NYU_s,noise,10,0.9017,0.8771,0.9250,172
alexnet,NYU_s,noise,20,0.8775,0.8481,0.9050,172
alexnet,NYU_s,jpeg,50,0.9017,0.8711,0.9275,172
alexnet,NYU_s,jpeg,25,0.8911,0.8605,0.9196,172
alexnet,NYU_s,jpeg,10,0.8814,0.8508,0.9091,172
alexnet,NYU_s,occl,10,0.9085,0.8829,0.9330,172
alexnet,NYU_s,occl,20,0.9017,0.8721,0.9270,172
alexnet,NYU_s,occl,30,0.8734,0.8399,0.9054,172
alexnet,PIX2PER-nat,clean,0,0.7690,0.7255,0.8148,198
alexnet,PIX2PER-nat,blur,1,0.7464,0.7003,0.7927,198
alexnet,PIX2PER-nat,blur,2,0.7446,0.6975,0.7911,198
alexnet,PIX2PER-nat,blur,4,0.7201,0.6742,0.7698,198
alexnet,PIX2PER-nat,noise,5,0.7579,0.7109,0.8069,198
alexnet,PIX2PER-nat,noise,10,0.7478,0.6992,0.7977,198
alexnet,PIX2PER-nat,noise,20,0.7351,0.6842,0.7875,198
alexnet,PIX2PER-nat,jpeg,50,0.7675,0.7246,0.8147,198
alexnet,PIX2PER-nat,jpeg,25,0.7726,0.7296,0.8172,198
alexnet,PIX2PER-nat,jpeg,10,0.7582,0.7128,0.8053,198
alexnet,PIX2PER-nat,occl,10,0.7606,0.7145,0.8072,198
alexnet,PIX2PER-nat,occl,20,0.7284,0.6782,0.7818,198
alexnet,PIX2PER-nat,occl,30,0.6718,0.6175,0.7277,198
alexnet,PIX2PER-art,clean,0,0.7095,0.6573,0.7558,199
alexnet,PIX2PER-art,blur,1,0.6979,0.6482,0.7404,199
alexnet,PIX2PER-art,blur,2,0.6777,0.6319,0.7207,199
alexnet,PIX2PER-art,blur,4,0.6384,0.5890,0.6856,199
alexnet,PIX2PER-art,noise,5,0.7036,0.6544,0.7465,199
alexnet,PIX2PER-art,noise,10,0.6984,0.6437,0.7430,199
alexnet,PIX2PER-art,noise,20,0.6824,0.6245,0.7372,199
alexnet,PIX2PER-art,jpeg,50,0.6995,0.6467,0.7419,199
alexnet,PIX2PER-art,jpeg,25,0.7214,0.6689,0.7669,199
alexnet,PIX2PER-art,jpeg,10,0.7251,0.6733,0.7689,199
alexnet,PIX2PER-art,occl,10,0.7086,0.6542,0.7551,199
alexnet,PIX2PER-art,occl,20,0.6592,0.6013,0.7055,199
alexnet,PIX2PER-art,occl,30,0.5956,0.5349,0.6500,199
weighted_binary,symComp17_s,clean,0,0.6734,0.5926,0.7526,99
weighted_binary,symComp17_s,blur,1,0.6549,0.5740,0.7357,99
weighted_binary,symComp17_s,blur,2,0.6582,0.5741,0.7408,99
weighted_binary,symComp17_s,blur,4,0.6364,0.5488,0.7239,99
weighted_binary,symComp17_s,noise,5,0.6549,0.5724,0.7374,99
weighted_binary,symComp17_s,noise,10,0.6549,0.5757,0.7357,99
weighted_binary,symComp17_s,noise,20,0.6667,0.5875,0.7475,99
weighted_binary,symComp17_s,jpeg,50,0.6684,0.5841,0.7475,99
weighted_binary,symComp17_s,jpeg,25,0.6431,0.5572,0.7273,99
weighted_binary,symComp17_s,jpeg,10,0.6481,0.5640,0.7307,99
weighted_binary,symComp17_s,occl,10,0.6633,0.5841,0.7424,99
weighted_binary,symComp17_s,occl,20,0.6532,0.5757,0.7290,99
weighted_binary,symComp17_s,occl,30,0.6347,0.5556,0.7189,99
weighted_binary,NYU_s,clean,0,0.7244,0.6692,0.7769,172
weighted_binary,NYU_s,blur,1,0.7079,0.6488,0.7618,172
weighted_binary,NYU_s,blur,2,0.7095,0.6523,0.7599,172
weighted_binary,NYU_s,blur,4,0.6971,0.6409,0.7490,172
weighted_binary,NYU_s,noise,5,0.7244,0.6686,0.7797,172
weighted_binary,NYU_s,noise,10,0.7244,0.6686,0.7791,172
weighted_binary,NYU_s,noise,20,0.7271,0.6709,0.7810,172
weighted_binary,NYU_s,jpeg,50,0.7291,0.6744,0.7810,172
weighted_binary,NYU_s,jpeg,25,0.7186,0.6638,0.7719,172
weighted_binary,NYU_s,jpeg,10,0.7136,0.6577,0.7688,172
weighted_binary,NYU_s,occl,10,0.7283,0.6756,0.7791,172
weighted_binary,NYU_s,occl,20,0.7128,0.6585,0.7655,172
weighted_binary,NYU_s,occl,30,0.6742,0.6159,0.7297,172
weighted_binary,PIX2PER-nat,clean,0,0.4636,0.4007,0.5281,198
weighted_binary,PIX2PER-nat,blur,1,0.4539,0.3916,0.5176,198
weighted_binary,PIX2PER-nat,blur,2,0.4380,0.3758,0.5025,198
weighted_binary,PIX2PER-nat,blur,4,0.4256,0.3618,0.4886,198
weighted_binary,PIX2PER-nat,noise,5,0.4463,0.3824,0.5127,198
weighted_binary,PIX2PER-nat,noise,10,0.4513,0.3861,0.5186,198
weighted_binary,PIX2PER-nat,noise,20,0.4412,0.3738,0.5110,198
weighted_binary,PIX2PER-nat,jpeg,50,0.4556,0.3921,0.5247,198
weighted_binary,PIX2PER-nat,jpeg,25,0.4370,0.3747,0.5039,198
weighted_binary,PIX2PER-nat,jpeg,10,0.4609,0.3993,0.5215,198
weighted_binary,PIX2PER-nat,occl,10,0.4577,0.3933,0.5241,198
weighted_binary,PIX2PER-nat,occl,20,0.4365,0.3723,0.5044,198
weighted_binary,PIX2PER-nat,occl,30,0.3819,0.3199,0.4477,198
weighted_binary,PIX2PER-art,clean,0,0.4544,0.3855,0.5176,199
weighted_binary,PIX2PER-art,blur,1,0.4888,0.4215,0.5488,199
weighted_binary,PIX2PER-art,blur,2,0.4484,0.3833,0.5100,199
weighted_binary,PIX2PER-art,blur,4,0.4314,0.3638,0.4911,199
weighted_binary,PIX2PER-art,noise,5,0.4555,0.3824,0.5225,199
weighted_binary,PIX2PER-art,noise,10,0.4551,0.3862,0.5181,199
weighted_binary,PIX2PER-art,noise,20,0.4336,0.3597,0.4976,199
weighted_binary,PIX2PER-art,jpeg,50,0.4645,0.3972,0.5274,199
weighted_binary,PIX2PER-art,jpeg,25,0.4583,0.3902,0.5226,199
weighted_binary,PIX2PER-art,jpeg,10,0.4493,0.3814,0.5158,199
weighted_binary,PIX2PER-art,occl,10,0.4485,0.3770,0.5117,199
weighted_binary,PIX2PER-art,occl,20,0.4033,0.3342,0.4644,199
weighted_binary,PIX2PER-art,occl,30,0.3280,0.2562,0.3940,199
local_global,symComp17_s,clean,0,0.7037,0.6296,0.7761,99
local_global,symComp17_s,blur,1,0.7138,0.6364,0.7912,99
local_global,symComp17_s,blur,2,0.7205,0.6447,0.7980,99
local_global,symComp17_s,blur,4,0.7020,0.6246,0.7795,99
local_global,symComp17_s,noise,5,0.6987,0.6246,0.7711,99
local_global,symComp17_s,noise,10,0.6953,0.6195,0.7694,99
local_global,symComp17_s,noise,20,0.6785,0.5960,0.7559,99
local_global,symComp17_s,jpeg,50,0.6970,0.6229,0.7694,99
local_global,symComp17_s,jpeg,25,0.6953,0.6178,0.7710,99
local_global,symComp17_s,jpeg,10,0.6970,0.6246,0.7677,99
local_global,symComp17_s,occl,10,0.6970,0.6245,0.7694,99
local_global,symComp17_s,occl,20,0.6886,0.6111,0.7660,99
local_global,symComp17_s,occl,30,0.6684,0.5976,0.7391,99
local_global,NYU_s,clean,0,0.7818,0.7370,0.8215,172
local_global,NYU_s,blur,1,0.7837,0.7378,0.8246,172
local_global,NYU_s,blur,2,0.7671,0.7180,0.8107,172
local_global,NYU_s,blur,4,0.7324,0.6783,0.7799,172
local_global,NYU_s,noise,5,0.7798,0.7351,0.8196,172
local_global,NYU_s,noise,10,0.7798,0.7354,0.8205,172
local_global,NYU_s,noise,20,0.7760,0.7296,0.8159,172
local_global,NYU_s,jpeg,50,0.7828,0.7382,0.8217,172
local_global,NYU_s,jpeg,25,0.7818,0.7380,0.8215,172
local_global,NYU_s,jpeg,10,0.7837,0.7391,0.8221,172
local_global,NYU_s,occl,10,0.7876,0.7440,0.8264,172
local_global,NYU_s,occl,20,0.7731,0.7238,0.8144,172
local_global,NYU_s,occl,30,0.7488,0.6994,0.7944,172
local_global,PIX2PER-nat,clean,0,0.5876,0.5215,0.6523,198
local_global,PIX2PER-nat,blur,1,0.5741,0.5109,0.6376,198
local_global,PIX2PER-nat,blur,2,0.5611,0.4975,0.6224,198
local_global,PIX2PER-nat,blur,4,0.5383,0.4749,0.5990,198
local_global,PIX2PER-nat,noise,5,0.5885,0.5221,0.6530,198
local_global,PIX2PER-nat,noise,10,0.5927,0.5251,0.6587,198
local_global,PIX2PER-nat,noise,20,0.5825,0.5136,0.6494,198
local_global,PIX2PER-nat,jpeg,50,0.5851,0.5181,0.6513,198
local_global,PIX2PER-nat,jpeg,25,0.5902,0.5261,0.6556,198
local_global,PIX2PER-nat,jpeg,10,0.5885,0.5254,0.6522,198
local_global,PIX2PER-nat,occl,10,0.5902,0.5256,0.6540,198
local_global,PIX2PER-nat,occl,20,0.5641,0.5021,0.6264,198
local_global,PIX2PER-nat,occl,30,0.5181,0.4540,0.5850,198
local_global,PIX2PER-art,clean,0,0.5132,0.4450,0.5750,199
local_global,PIX2PER-art,blur,1,0.5503,0.4867,0.6095,199
local_global,PIX2PER-art,blur,2,0.5471,0.4793,0.6077,199
local_global,PIX2PER-art,blur,4,0.5382,0.4746,0.5970,199
local_global,PIX2PER-art,noise,5,0.4973,0.4256,0.5621,199
local_global,PIX2PER-art,noise,10,0.4697,0.3936,0.5378,199
local_global,PIX2PER-art,noise,20,0.4504,0.3715,0.5185,199
local_global,PIX2PER-art,jpeg,50,0.5266,0.4599,0.5880,199
local_global,PIX2PER-art,jpeg,25,0.5442,0.4754,0.6072,199
local_global,PIX2PER-art,jpeg,10,0.5535,0.4860,0.6123,199
local_global,PIX2PER-art,occl,10,0.5132,0.4455,0.5738,199
local_global,PIX2PER-art,occl,20,0.4722,0.4066,0.5337,199
local_global,PIX2PER-art,occl,30,0.3902,0.3154,0.4569,199
